ID,FolderName,PlantNumber,Side,Start,End,Genotype,Stage,RootVolume
ID_208667_Hnkl8q,l5l1h3kekg,7,l,1,82,IITA-TMS-IBA000070,Early,652270.175
ID_285249_Jnjvav,wgutyon8uu,2,r,1,82,TMEB419,Early,651566.7250000001
ID_697947_Yec6bd,mylwjeq6tq,5,r,1,82,IBA980581,Early,650903.3500000001
ID_534638_X3j91f,pfp24vx905,6,r,1,82,TMEB419,Early,651907.7
ID_929298_Xvymuz,mrw7chmalv,4,r,1,82,IBA154810,Early,651095.35
ID_962011_Xliqf0,lzkaccojep,2,l,1,82,TMEB419,Early,650641.675
ID_273739_Vhbypt,mylwjeq6tq,3,l,1,82,IBA980581,Early,650903.3500000001
ID_557810_Klirzi,b5myqsh1wi,6,r,1,82,TMEB419,Early,649860.25
ID_111546_Xaujvn,l5l1h3kekg,5,l,1,82,IITA-TMS-IBA000070,Early,652270.175
ID_316464_Thc8bh,nrse2plksd,6,r,1,82,TMEB693,Early,650980.3500000001
ID_393158_Fph3qv,oipmzygepq,3,r,1,82,TMEB693,Early,650996.75
ID_425408_Yercj1,hzapvbcfm8,3,r,1,82,IBA154810,Early,650338.0
ID_908192_Xtsnc7,bb02c5k7wm,4,l,1,82,TMEB693,Early,650556.175
ID_205546_Fof3xx,vwjlghaocq,3,l,1,82,TMEB693,Late,650266.1
ID_493818_Cpaykh,qinorm9cg3,4,l,1,82,IBA980581,Early,650811.9750000001
ID_153154_Wlopzx,q4uyruus4j,5,r,1,82,IBA980581,Early,651212.1000000001
ID_565070_S9tjo7,geksu5kuf3,5,r,1,82,TMEB693,Early,650259.675
ID_304842_Z571sy,mskdmpitqk,3,r,1,82,TMEB419,Early,650703.525
ID_688282_Dujmyr,b8x7mhxe6z,6,l,1,82,IBA154810,Early,652725.875
ID_407828_Qkeoqf,mylwjeq6tq,6,r,1,82,IBA980581,Early,650903.3500000001
ID_184031_D01bsk,mrw7chmalv,3,l,1,82,IBA154810,Early,651095.35
ID_326744_Qt5k8v,yjzw2bylox,5,r,1,82,TMEB693,Early,650676.75
ID_319403_Gpv9ax,izbgyxre0g,5,l,1,82,IBA154810,Early,651260.825
ID_987831_Uegrsm,qinorm9cg3,5,l,1,82,IBA980581,Early,650811.9750000001
ID_375230_Rhcvqw,ifqbqqrika,3,r,1,82,TMEB693,Early,650071.55
ID_169510_Hlqokb,sauopakhvn,6,l,1,82,TMEB419,Early,653222.625
ID_109643_Exlqaq,qinorm9cg3,3,l,1,82,IBA980581,Early,650811.9750000001
ID_980636_Lmy6yi,qinorm9cg3,5,r,1,82,IBA980581,Early,650811.9750000001
ID_776892_Ltqlgb,lwuwokuhrf,6,r,1,82,TMEB419,Early,652222.05
ID_813803_Vlfpbi,eotyv55rer,2,l,1,82,TMEB693,Late,650285.775
ID_468986_Ntpojw,ubgsvkns3h,5,r,1,82,IKN130010,Early,649703.125
ID_330709_K1r6cj,pctl4tyb9l,6,l,1,82,IITA-TMS-IBA000070,Early,649973.3
ID_254031_Knmqbt,lsdgz02kdp,3,r,1,82,TMEB693,Early,650680.9750000001
ID_907938_D3fuog,puya1uaaln,6,r,1,82,TMEB419,Early,650041.8500000001
ID_801383_Ppxylj,dz9lpsl9ae,2,r,1,82,TMEB419,Early,650476.125
ID_770770_Filqvb,mrw7chmalv,3,r,1,82,IBA154810,Early,651095.35
ID_282933_Wto0yh,hc3b9gicdo,4,l,1,82,IITA-TMS-IBA000070,Early,650520.575
ID_657308_Mn58dk,nrse2plksd,2,r,1,82,TMEB693,Early,650980.3500000001
ID_871322_Yizngh,mylwjeq6tq,6,l,1,82,IBA980581,Early,650903.3500000001
ID_361990_N4lwnn,mylwjeq6tq,3,r,1,82,IBA980581,Early,650903.3500000001
ID_857513_Axuhlo,sauopakhvn,7,l,1,82,TMEB419,Early,653222.625
ID_751605_Es7lyl,f5lrpuuq8q,2,r,1,82,IBA980581,Early,651861.55
ID_876852_Heqaxi,l8w7zu7wek,4,r,1,82,IITA-TMS-IBA000070,Early,651415.0
ID_765162_G0c5vc,puya1uaaln,6,l,1,82,TMEB419,Early,650041.8500000001
ID_519184_Fyxtoa,yjzw2bylox,4,l,1,82,TMEB693,Early,650676.75
ID_311718_O0eeqc,vbkivqphuz,6,r,1,82,TMEB693,Early,650372.3
ID_222441_Z7nwap,l6qdyaff5q,3,l,1,82,TMEB693,Early,652274.425
ID_343327_Aeyovq,l5l1h3kekg,7,r,1,82,IITA-TMS-IBA000070,Early,652270.175
ID_992996_Ccyjjv,ox18ob0syv,3,r,1,82,IBA980581,Early,649881.225
ID_365338_Maiq4o,mrw7chmalv,4,l,1,82,IBA154810,Early,651095.35
ID_479401_Enwuci,jtcfkuovxk,6,r,1,82,TMEB693,Early,652086.05
ID_413644_Pgwhvv,mylwjeq6tq,7,r,1,82,IBA980581,Early,650903.3500000001
ID_156527_Vnxj3g,lzkaccojep,3,r,1,82,TMEB419,Early,650641.675
ID_559506_Ulhfit,pucqtyga9u,5,l,1,82,TMEB419,Early,650130.925
ID_893458_Onvh8p,izbgyxre0g,6,r,1,82,IBA154810,Early,651260.825
ID_145848_Aijb13,me1ufzzcxk,6,r,1,82,TMEB419,Early,652072.7999999999
ID_159438_Jqvcr4,v6awcupt6m,7,l,1,82,TMEB693,Early,651970.2750000001
ID_752130_Cnfgmz,a6dzrkjqvl,2,l,1,82,IITA-TMS-IBA000070,Early,650003.375
ID_187539_Psi6lt,mpmvh2mgm3,7,l,1,82,TMEB419,Early,652165.0
ID_825817_Esl6bx,mskdmpitqk,6,l,1,82,TMEB419,Early,650703.525
ID_245704_Otgh5g,vbkivqphuz,6,l,1,82,TMEB693,Early,650372.3
ID_224012_Tjiv87,kcqzgef5an,4,l,1,82,TMEB693,Early,652074.3500000001
ID_231736_Pcqfqz,qinorm9cg3,3,r,1,82,IBA980581,Early,650811.9750000001
ID_575130_Tvm6zl,bb02c5k7wm,6,l,1,82,TMEB693,Early,650556.175
ID_223010_Dazjvr,ifqbqqrika,3,l,1,82,TMEB693,Early,650071.55
ID_441970_Ut9ckr,jrem9eo37e,6,r,1,82,IBA154810,Early,652434.1000000001
ID_972296_Pqinvt,hqcekwpxgu,3,r,1,82,IITA-TMS-IBA000070,Early,650658.975
ID_283856_Ptm0sx,yjzw2bylox,4,r,1,82,TMEB693,Early,650676.75
ID_697686_Uriarc,q4uyruus4j,5,l,1,82,IBA980581,Early,651212.1000000001
ID_856306_Dyqouq,h9lomh5fxk,2,l,1,82,TMEB419,Early,649492.875
ID_980579_Dvlnf0,mskdmpitqk,3,l,1,82,TMEB419,Early,650703.525
ID_908386_Y3umpz,mpmvh2mgm3,7,r,1,82,TMEB419,Early,652165.0
ID_176915_Ylbaig,ecxdebmlnr,4,r,1,82,IITA-TMS-IBA000070,Early,649760.3250000001
ID_914878_Hpvqtm,e1rmdjjang,6,l,1,82,IITA-TMS-IBA000070,Late,650694.4500000001
ID_131583_Evinxg,qinorm9cg3,6,r,1,82,IBA980581,Early,650811.9750000001
ID_790313_Iqezrx,q91mym9ev4,6,r,1,82,TMEB693,Early,651204.8500000001
ID_933780_Eqptfu,cex3glsnzv,5,l,1,82,DIXON,Early,651637.825
ID_132601_Kvvwtm,lzkaccojep,2,r,1,82,TMEB419,Early,650641.675
ID_809641_N4gwvo,vwsx0beaxb,2,r,1,82,IBA980581,Early,650405.6000000001
ID_242507_Metlm6,qhqftdiz4q,6,r,1,82,IITA-TMS-IBA000070,Early,650310.75
ID_707569_W2k21x,vlcavd4dwj,7,l,1,82,IITA-TMS-IBA000070,Early,651603.2750000001
ID_525768_Lsommf,vlqr6qhbqk,5,l,1,82,IBA154810,Early,651374.0
ID_151058_Yk52il,klhqlr0ako,3,l,1,82,TMEB693,Early,651595.7250000001
ID_771838_I7ay8f,q91mym9ev4,2,l,1,82,TMEB693,Early,651204.8500000001
ID_406795_Yj29nq,qhqftdiz4q,2,r,1,82,IITA-TMS-IBA000070,Early,650310.75
ID_794362_Ifduhx,v6awcupt6m,7,r,1,82,TMEB693,Early,651970.2750000001
ID_591176_Ojyiiq,yjzw2bylox,7,l,1,82,TMEB693,Early,650676.75
ID_205406_Zi0uad,s11rphogci,7,r,1,82,IBA154810,Early,650658.2250000001
ID_305375_Uknceg,jrem9eo37e,4,l,1,82,IBA154810,Early,652434.1000000001
ID_711994_Qksh6g,dhfwcg1uj2,7,r,1,82,IBA154810,Early,651207.0750000001
ID_308339_Dqm2gd,l6qdyaff5q,5,l,1,82,TMEB693,Early,652274.425
ID_688793_Ke6rju,l5l1h3kekg,3,r,1,82,IITA-TMS-IBA000070,Early,652270.175
ID_957083_Nszzb3,q91mym9ev4,2,r,1,82,TMEB693,Early,651204.8500000001
ID_857540_Bvtz1t,pctl4tyb9l,5,l,1,82,IITA-TMS-IBA000070,Early,649973.3
ID_829195_Xylogt,s11rphogci,7,l,1,82,IBA154810,Early,650658.2250000001
ID_166161_Rnxese,lwuwokuhrf,5,r,1,82,TMEB419,Early,652222.05
ID_701624_J0uboj,vlqr6qhbqk,5,r,1,82,IBA154810,Early,651374.0
ID_136437_Voxgev,s6lk1xauct,2,r,1,82,TMEB419,Early,650529.7250000001
ID_203460_Rk5egc,jrem9eo37e,6,l,1,82,IBA154810,Early,652434.1000000001
ID_937281_S98c0m,lwuwokuhrf,6,l,1,82,TMEB419,Early,652222.05
ID_832730_Ihuchl,s6lk1xauct,2,l,1,82,TMEB419,Early,650529.7250000001
ID_406946_Cs1rp8,ubgsvkns3h,3,r,1,82,IKN130010,Early,649703.125
ID_815338_Zqmjqz,a6dzrkjqvl,5,l,1,82,IITA-TMS-IBA000070,Early,650003.375
ID_674835_Ywjqie,q91mym9ev4,6,l,1,82,TMEB693,Early,651204.8500000001
ID_425317_Yhzl3f,b8x7mhxe6z,6,r,1,82,IBA154810,Early,652725.875
ID_154540_Xnpdue,vbkivqphuz,2,l,1,82,TMEB693,Early,650372.3
ID_578883_Qkva3g,yxmmb4wt55,5,r,1,82,IITA-TMS-IBA000070,Early,651264.6499999999
ID_820184_Sgdqv1,vlqr6qhbqk,3,r,1,82,IBA154810,Early,651374.0
ID_644491_Xizcat,ummqfuetoc,4,l,1,82,IBA980581,Early,651207.675
ID_178522_Mzzxq2,r9jmsmugc0,6,l,1,82,TMEB693,Late,650285.775
ID_905630_Hi8zri,qhqftdiz4q,2,l,1,82,IITA-TMS-IBA000070,Early,650310.75
ID_579127_Ocneey,lsdgz02kdp,3,l,1,82,TMEB693,Early,650680.9750000001
ID_967932_Dt8pdv,yvlyjpumzl,5,l,1,82,TMEB419,Late,649496.375
ID_399754_Xpvv2s,ah4ubi4ggi,2,r,1,82,IITA-TMS-IBA000070,Early,649467.4750000001
ID_824179_Vopvrq,ubgsvkns3h,5,l,1,82,IKN130010,Early,649703.125
ID_149167_Cgb9eu,dz9lpsl9ae,2,l,1,82,TMEB419,Early,650476.125
ID_431443_Rntvjg,l5l1h3kekg,3,l,1,82,IITA-TMS-IBA000070,Early,652270.175
ID_842285_Midsgu,lnkljfdtgh,4,r,1,82,IBA980581,Early,651434.8
ID_186020_X70lop,lzkaccojep,3,l,1,82,TMEB419,Early,650641.675
ID_421935_Y5p6aj,ox18ob0syv,2,l,1,82,IBA980581,Early,649881.225
ID_882394_F1mqj8,cex3glsnzv,6,l,1,82,DIXON,Early,651637.825
ID_790618_U5gu4z,nrse2plksd,6,l,1,82,TMEB693,Early,650980.3500000001
ID_219379_Cmqngh,geksu5kuf3,6,r,1,82,TMEB693,Early,650259.675
ID_580613_Sb9dfx,wgutyon8uu,2,l,1,82,TMEB419,Early,651566.7250000001
ID_367528_Grp2b7,ox18ob0syv,3,l,1,82,IBA980581,Early,649881.225
ID_652025_Ecubfg,l8w7zu7wek,4,l,1,82,IITA-TMS-IBA000070,Early,651415.0
ID_456856_Iucagp,klhqlr0ako,2,l,1,82,TMEB693,Early,651595.7250000001
ID_163551_Alfdb5,vlqr6qhbqk,3,l,1,82,IBA154810,Early,651374.0
ID_947929_Qsuqln,pfp24vx905,3,r,1,82,TMEB419,Early,651907.7
ID_225470_Hju47r,qhqftdiz4q,6,l,1,82,IITA-TMS-IBA000070,Early,650310.75
